<?xml version="1.0" encoding="UTF-8"?>
<alumnos>
  <alumno matricula="1232">
    <nombre>Carmen Pérez León</nombre>
    <fechaNacimiento>12/03/2009</fechaNacimiento>
    <asignaturas>
      <asignatura>
        <nombre>Matemáticas</nombre>
        <horario>Lunes y miércoles 17:00 a 18:00</horario>
        <profesor>Carmen Linares</profesor>
      </asignatura>
      <asignatura>
        <nombre>Lengua</nombre>
        <horario>Martes y jueves 17:00 a 18:00</horario>
        <profesor>Pedro Durán</profesor>
      </asignatura>
      <asignatura>
        <nombre>Física</nombre>
        <horario>Viernes 17:00 a 18:00</horario>
        <profesor>Lucas Vázquez</profesor>
      </asignatura>
    </asignaturas>
  </alumno>
  <alumno matricula="1233">
    <nombre>Luisa González Pérez</nombre>
    <fechaNacimiento>28/07/2009</fechaNacimiento>
    <asignaturas>
      <asignatura>
        <nombre>Inglés</nombre>
        <horario>Lunes 18:00 a 19:00</horario>
        <profesor>Carmen Linares</profesor>
      </asignatura>
      <asignatura>
        <nombre>Frances</nombre>
        <horario>Martes 18:00 a 19:00</horario>
        <profesor>Pedro Durán</profesor>
      </asignatura>
    </asignaturas>
  </alumno>
</alumnos>